{"schema":6,"addons":[{"id":"langpack-ja@thunderbird.mozilla.org","icons":{"32":"https://addons.thunderbird.net/static/img/addon-icons/default-32.png","64":"https://addons.thunderbird.net/static/img/addon-icons/default-64.png"},"name":"日本語 (ja) Language Pack","version":"130.0.20240816.160526","sourceURI":"https://addons.thunderbird.net/thunderbird/downloads/file/1031778/japanese_ja_language_pack-130.0.20240816.160526-tb.xpi?src=","homepageURL":null,"supportURL":null,"description":"日本語 (ja) Language Pack","fullDescription":null,"weeklyDownloads":530,"type":"locale","creator":{"name":"Mozilla","url":"https://addons.thunderbird.net/ja/thunderbird/user/mozilla/"},"developers":[],"screenshots":[],"contributionURL":"","averageRating":3.3333,"reviewCount":3,"reviewURL":"https://addons.thunderbird.net/ja/thunderbird/addon/tb-langpack-ja/reviews/","updateDate":1723849504000}]}